Year,Togo,Namibia,Burundi,Uruguay,Nigeria,Sudan,Argentina,Ireland,Somalia,Netherlands,Bangladesh,Armenia,Moldova,Azerbaijan,Morocco,Ethiopia,United Kingdom,Lebanon,Uganda,Denmark,El Salvador,Turkey,Eritrea,Australia,Ukraine,Rwanda,Botswana,Burkina Faso,China,Madagascar,Chile,Belgium,Hungary,India,Philippines,Nepal,Guinea,Nicaragua,Cuba,Albania,Romania,France,Greece,Serbia,Poland,Italy,Jamaica,Switzerland,Thailand,Germany,Cote d'Ivoire,Swaziland,Norway,Sri Lanka,United States,Mexico,Croatia,Czech Republic,Bulgaria,Lithuania,Malawi,Guatemala,Portugal,Central African Republic,Spain,Vanuatu,Dominican Republic,Canada,New Zealand,"Macedonia, FYR",Sierra Leone,Slovak Republic,Ghana,Georgia,Zimbabwe,Benin,Belarus,Cameroon,Paraguay,Bosnia and Herzegovina,Senegal,Liberia,Vietnam,New Caledonia,Honduras,Austria,Angola,"Korea, Dem. People’s Rep.","Gambia, The",Myanmar,Mozambique,Russian Federation,Timor-Leste,Costa Rica,"Bahamas, The",Ecuador,Indonesia,Bolivia,Estonia,Colombia,"Venezuela, RB",Latvia,Tanzania,Fiji,Cambodia,Montenegro,Equatorial Guinea,Peru,Brazil,Belize,Slovenia,Panama,"Korea, Rep.","Congo, Rep.",Malaysia,Zambia,"Congo, Dem. Rep.",Japan,Sweden,Bhutan,Guinea-Bissau,Finland,Papua New Guinea,Lao PDR,Solomon Islands,Guyana,Gabon,Suriname
1990,12.59422688,10.6426654,11.25389408,4.55833619,18.92245023,12.93236953,12.7135335,6.749891131,13.20177256,10.21919431,11.47729892,11.76677204,9.704898083,10.23829266,11.10015685,15.19981835,11.48266027,12.8054741,23.77758871,12.81434301,18.1949807,12.5021114,0,16.73209846,16.00759472,12.89014998,24.20552997,25.0255848,16.73800762,23.54438216,20.52769753,0,20.04005786,21.50518467,21.98410303,33.68531469,29.56210321,37.51038724,19.16201117,28.78832117,27.77850447,26.36394517,25.59348332,28.31008461,28.99539652,25.80667097,31.81902124,29.11786284,27.41294604,32.36616733,32.14465409,27.44186047,33.21606045,36.42162335,33.02230821,35.88569665,33.08889286,34.02355377,30.07321703,31.03063178,41.32371659,44.30757745,37.55191257,36.21304055,27.64994794,36.09515997,22.87311116,38.29907264,36.67919942,35.86315376,43.19756165,39.95841996,37.91421289,39.60282055,57.29352462,51.09081235,38.35535397,51.43957183,53.25195067,43.33333333,48.55347219,51.17317276,28.7658607,45.89715536,72.71427295,45.72535723,48.9099222,68.10896105,43.67588933,60.00856872,55.16162669,49.3564654,64.96301278,50.21543282,51.44855145,52.84947984,65.43771425,57.96639897,52.04057561,58.05948626,58.98305085,51.01614252,63.12937458,52.15654078,73.32880127,46.54275093,66.31016043,60.87578125,65.40988785,70.84743534,58.98709037,67.79661017,66.03773585,66.54758419,68.10531122,71.0259756,70.73641958,68.43115743,68.38962811,53.65045053,78.80512091,71.81785351,74.25473656,76.45103986,83.02965345,84.63296927,85.38052548,98.91025641
1991,12.2283508,10.55399677,10.89953271,4.885098846,18.47261109,12.85896465,12.60636024,6.996661344,13.07951031,10.26362559,11.45732504,11.75272216,9.704898083,10.2839564,11.10889536,15.06775659,11.55540859,12.8054741,23.33616936,12.91413069,17.97779923,12.57500357,0,16.73600354,16.00759472,12.99554114,23.99678859,24.80665205,16.94954757,23.42934278,20.60449315,0,20.16913319,21.55398747,22.14240199,33.04405594,29.41559499,36.92870201,19.51303538,28.71715329,27.7630088,26.51972548,25.82777347,28.31008461,29.05351138,26.07153786,31.78485688,29.22664373,28.00133101,32.38163435,32.17798742,27.70930233,33.21085847,36.27491628,33.03416545,35.78775174,33.08889286,34.02355377,30.1166049,31.03063178,40.97475605,43.80365808,37.45027322,36.18799962,28.28415826,36.09515997,23.66176775,38.29389312,36.86187384,35.86315376,42.92601829,39.95841996,38.03814714,39.60282055,56.44823575,50.47002483,38.84145139,50.97417021,52.80166121,43.23529412,48.31974238,50.86171096,29.4921503,45.89715536,71.15559925,45.80043594,48.80981792,67.05589237,43.86363636,59.34296294,54.88313538,49.3564654,64.20981843,49.84723854,51.44855145,52.52365988,64.38139294,57.71679129,52.04057561,57.82347003,58.65710561,51.01614252,62.67780537,52.30706076,72.53682302,46.54275093,65.89304813,60.7371875,65.10562159,70.16001754,58.98709037,67.56389562,65.95272652,66.49780381,67.86638259,70.80186712,70.59906045,68.41086122,68.41399815,53.86297969,78.46372689,72.00499032,74.24877446,75.96624783,82.82958199,84.61366523,85.38052548,98.88525641
1992,11.86247472,10.46532814,10.54517134,5.211861502,18.02277194,12.78555556,12.49918697,7.243286399,12.95724806,10.30805687,11.43735116,11.75272216,9.735320961,10.2839564,11.11763388,14.93569482,11.62815691,12.8054741,22.89475001,13.00164978,17.76061776,12.64789574,0,16.73990862,16.08906533,13.10093231,23.78804722,24.5877193,17.16108753,23.3143034,20.68128877,0,20.29820852,21.60279027,22.30070094,32.4027972,29.26908677,36.34701679,19.86405959,28.6459854,27.76082977,26.67550578,26.06206362,28.31008461,29.11162624,26.33640475,31.75069252,29.33542463,28.58971599,32.39710137,32.21132076,27.97674419,33.20565648,36.12820922,33.04602269,35.68980684,33.21409408,34.02355377,30.15999277,31.26994257,40.6257955,43.29973871,37.34863388,36.16295868,28.91834855,36.09515997,24.45042434,38.2887136,37.04454825,36.22493118,42.65447492,39.95841996,38.16208139,39.63102605,55.60294688,49.84923732,38.84145139,50.50876859,52.35137176,43.06640625,48.08601257,50.55024917,30.21843989,45.89715536,69.59692555,45.87551465,48.70971364,66.00282369,44.0513834,58.67735716,54.60464407,49.36034704,63.45662408,49.47904426,51.44855145,52.19787603,63.32507162,57.46718361,52.21514508,57.58746282,58.33116037,51.2348061,62.22623617,52.45812808,71.74484478,46.54275093,65.47593583,60.59859375,64.80135533,69.47303814,59.43396226,67.33118106,65.86771719,66.44802343,67.62745396,70.57775865,70.46170133,68.390565,68.43836818,54.07550885,78.12233286,72.19212712,74.24281235,75.48145581,82.62951054,84.59436119,85.38052548,98.86025641
1993,11.49659864,10.3766595,10.19080997,5.538624157,17.57293279,12.71215067,12.39201371,7.490056612,12.83498581,10.35248815,11.41737728,11.74569723,9.726858877,10.30798995,11.1263724,14.6913,11.70090522,12.8054741,22.45333066,13.10134339,17.54343629,12.72078791,15.91584158,16.7438137,16.12980064,13.20632347,23.57930584,24.36878655,17.37262749,23.19926402,20.75808439,0,20.42955709,21.65159307,22.4589999,31.76153846,29.12257855,35.76533156,20.2150838,28.57481752,27.75865075,26.83128609,26.29635376,28.31008461,29.1697411,26.60127163,31.71652816,29.44420552,29.17810096,32.41349679,32.24465409,28.24418605,33.20045449,35.98150215,33.05787993,35.59186193,33.27669469,34.05461369,30.20338064,31.38959796,40.27683496,42.79581934,37.24699454,36.13791775,29.55255887,36.09515997,25.23908094,38.28353408,37.22722267,36.4058199,42.38293156,39.95218295,38.28601565,39.64297021,54.75765801,49.22844981,39.0845001,50.04336697,51.90108231,43.01757813,47.85228276,50.23878738,30.94472949,45.89715536,68.03825185,45.95059336,48.60960937,64.949755,44.23913044,58.01175139,54.32615275,49.37364779,62.70342972,49.11084998,51.44855145,51.87209218,62.26875031,57.21757593,52.30242982,57.3514466,58.00521512,51.34413789,61.77466697,52.60864806,70.95286653,46.54275093,65.05882353,60.46,64.49708907,68.78605875,59.65739821,67.09846651,65.78270786,66.39824305,67.38852534,70.35365017,70.32434221,68.37026879,68.46273822,54.28803801,77.78093883,72.37926393,74.23685024,74.99666378,82.42943909,84.57505715,85.38052548,98.83525641
1994,11.13072256,10.28799087,9.836448598,5.865386813,17.12309365,12.63874158,12.28484045,7.736681666,12.71272356,10.39691943,11.3974034,11.73867229,9.744990893,10.33202351,11.13511091,14.5504,11.77365354,12.8054741,22.01191132,13.201037,17.32625483,12.79368008,15.87128713,16.74771878,16.17053595,13.31171463,23.37056447,24.1498538,17.58416744,23.08422465,20.83488001,0,20.55864678,21.70039587,22.61729886,31.12027972,28.97607032,35.18364634,20.56610801,28.50364964,27.75042482,26.9870664,26.53064391,28.31008461,29.22785595,26.86613852,31.6823638,29.55298642,29.76648594,32.42989316,32.27798742,28.51162791,33.1952525,35.83479509,33.06973718,35.49391703,33.3392953,34.064967,30.24676851,31.50925335,39.92787442,42.29189996,37.14535519,36.11287682,30.18674916,36.09515997,26.02773753,38.27835456,37.40989708,36.58670861,42.1113882,39.95010395,38.4099499,39.65491438,53.91236914,48.60766229,39.32754881,49.57796535,51.45079285,42.96875,47.61855295,49.92732558,31.67101908,45.89715536,66.47957816,46.02567208,48.50950509,63.89668632,44.42687747,57.34614561,54.04766144,49.39021069,61.95023537,48.7426557,51.44855145,51.54627222,61.212429,56.96796825,52.38971456,57.11543939,57.67926988,51.45346968,61.32309777,52.75971538,70.16088829,46.54275093,64.64171123,60.32140625,64.19282281,68.09907935,59.88083416,66.86575195,65.69769853,66.34846267,67.14959671,70.12954169,70.18698308,68.34997257,68.48710825,63.98065327,77.43954481,72.56640074,74.23088813,74.51187175,82.22936763,84.55575311,85.38052548,98.81025641
1995,10.76484648,10.19932223,9.482087227,6.192149469,16.6732545,12.5653367,12.17766718,7.98345188,12.59046131,10.44135071,11.37742952,11.73164735,9.76313392,10.35605706,11.14384943,14.4095,11.84640185,12.8054741,21.57049197,13.30073062,17.10907336,12.86657225,15.82673267,16.75162386,16.21127125,13.4171058,23.16182309,23.93092105,17.79572636,22.96918527,20.91167562,0,20.68773648,21.74919867,22.77559781,30.47902098,28.8295621,34.60196111,20.91713222,28.43248175,27.75066452,27.14284671,26.76493406,28.31008461,29.28597081,27.13100541,31.64819945,29.66176731,30.35487091,32.44629046,32.31132076,28.77906977,33.19005051,35.68808802,33.08159442,35.39597212,33.4018959,34.07532031,30.29015638,31.62890874,39.57891387,41.78798059,37.04371585,36.08783589,30.82095948,36.09515997,26.81639412,38.27317505,37.59257149,36.76759733,41.83984483,39.94802495,38.53388415,39.66685854,53.06708026,47.98687478,39.57059752,49.11256373,51.0005034,42.91992188,47.38482314,49.61586379,32.39730867,45.89715536,64.92090446,46.10075079,48.40940082,62.84361764,44.61462451,56.68053983,53.76917012,49.40105187,61.19704102,48.37446142,51.44855145,51.22048837,60.15610769,56.71836057,52.47699929,56.87942316,57.35332464,51.56280147,60.87152856,52.91023536,69.36891004,46.54275093,64.22459893,60.1828125,63.88855655,67.41166155,60.10427011,66.6330374,65.6126892,66.29868228,66.91066809,69.90543322,70.04962396,68.32967636,68.51147829,64.23015075,77.09815078,72.75353754,74.22492603,74.02707972,82.02929618,84.53644907,85.38052548,98.78525641
1996,10.3989704,10.1106536,9.127725857,6.518912124,16.22341535,12.49192761,12.07049392,8.230076934,12.46819906,10.48578199,11.35745564,11.72462241,9.778317643,10.38009061,11.15258795,14.2686,11.91915017,12.8054741,21.12907262,13.40042423,16.89189189,12.93946442,15.78217822,16.75552894,16.25200656,13.52249696,22.95308171,23.7119883,18.00728572,22.85414589,20.98847124,0,20.81682617,21.79800147,22.93389677,29.83776224,28.68305388,34.02027589,21.26815643,28.36131387,27.74485884,27.29862702,26.99922421,28.31008461,29.34408567,27.39587229,31.61403509,29.77130136,30.94325589,32.46268871,32.34465409,29.04651163,33.18484853,35.54138096,33.09345166,35.29802721,33.42265095,34.08567361,30.33354425,31.74856414,39.22995333,41.28406122,36.9420765,36.06279495,31.45514977,36.09515997,27.60505071,38.26799553,37.77524591,36.94848604,41.56830147,39.94594595,38.65781841,39.67880271,52.22179139,47.36608727,39.81364622,48.64716211,50.55021394,42.87109375,47.15109334,49.30440199,33.12359827,45.89715536,63.36223076,46.1758295,48.30929654,61.79054896,44.80237154,56.01493405,53.49067881,49.40426402,60.44384667,48.00626714,51.44855145,50.89470452,59.09978637,56.46875289,52.56428403,56.64340694,57.0273794,51.67213326,60.41995936,53.06075534,68.57693179,46.54275093,63.80748663,60.04421875,63.58429029,66.72468216,60.32770606,66.40032284,65.52767987,66.2489019,66.67173946,69.68132474,69.91226484,68.32812071,68.53584832,64.47964824,76.75675676,72.94067435,74.21896392,73.54224437,81.82922472,84.51714503,85.38052548,98.76025641
1997,10.03309432,10.02198496,8.773364486,6.84567478,15.77357621,12.41852273,11.96332065,8.476847148,12.34593681,10.53021327,11.33748176,11.71759747,9.796476306,10.40412416,11.16132646,14.1277,11.99189848,12.8054741,20.68765327,13.50011784,16.67471043,13.01235659,15.73762376,16.75943402,16.29274187,13.62788812,22.74434034,23.49305556,18.21882613,22.73910651,21.06526686,0,20.95991091,21.84680427,23.09219573,29.1965035,28.53654566,33.43859066,21.61918063,28.29014599,27.7414717,27.45440732,27.23351435,28.31008461,29.40220053,27.66073918,31.57987073,29.88084094,31.53164086,32.48187939,32.37798742,29.31395349,33.17964654,35.3946739,33.1053089,35.20008231,33.48517328,34.09602692,30.37693212,31.86821953,38.88099279,40.78014184,36.84043716,36.03775402,32.08936008,36.09515997,28.39370731,38.26281601,37.95792032,37.12937475,41.29675811,39.94386694,38.78175266,39.69074687,51.37650252,46.74529975,40.05669493,48.18176049,50.09992449,42.82226563,46.91736353,48.9929402,33.84988786,45.89715536,61.80355707,46.25090821,48.20919227,60.73748028,44.99011858,55.34932827,53.21218749,49.40412794,59.69065232,47.63807286,51.44855145,50.56892068,58.04346506,56.2191452,52.65156877,56.40739973,56.70143416,51.78146505,59.96839016,53.21182266,67.78495355,46.54275093,63.39037433,59.905625,63.28002402,66.03770276,60.55114201,66.16760829,65.44267054,66.19912152,66.43281084,69.45721627,69.77490571,68.30781893,68.56021836,64.72914573,76.41536273,73.12781116,74.21300181,73.05745234,81.62915327,84.497841,85.38052548,98.73525641
1998,9.667218239,9.933316328,8.419003115,7.172437436,15.32373706,12.34511364,11.85614739,8.723472202,12.22367456,10.57464455,11.31750787,11.71057253,9.814646004,10.44384538,11.17006498,13.9868,12.0646468,12.8054741,20.24623392,13.59981145,16.45752896,13.08524876,15.69306931,16.7633391,16.33347717,13.73327929,22.53559896,23.27412281,18.43036653,22.62406713,21.14206248,0,21.08908686,21.89560708,23.25049468,28.55524476,28.39003744,32.85690544,21.97020484,28.2189781,27.73204408,27.61018763,27.4678045,28.31008461,29.46031539,27.92560607,31.54570637,29.99038608,32.12002584,32.50014326,32.41132076,29.58139535,33.17444455,35.24796683,33.11716614,35.1021374,33.58969773,34.10638023,30.42031999,31.98787492,38.53203224,40.27622247,36.73879781,36.01271309,32.72355038,36.09515997,29.1823639,38.25763649,38.14059474,37.31026347,41.02521474,39.94178794,38.90568691,39.70269104,50.53121365,46.12451224,40.29974364,47.71635887,49.64963504,42.7734375,46.68363372,48.68147841,34.57617746,45.89715536,60.24488337,46.32598692,48.10908799,59.68441159,45.17786561,54.6837225,52.93369618,49.39808074,58.93745797,47.26987857,51.44855145,56.00459011,56.98714375,55.96953752,52.7388535,56.17138351,56.37548892,51.89079684,59.51682095,53.36234264,66.9929753,46.54275093,62.97326203,59.76703125,62.97575776,65.35072337,60.77457795,65.93489373,65.35766121,66.14934114,66.19388221,69.23310779,69.63754659,68.28751715,68.58458839,64.97839196,76.07396871,73.31494796,74.2070397,72.57266031,81.42908182,84.47853696,85.38052548,98.71025641
1999,9.301342158,9.844647694,8.064641745,7.499200091,14.87389791,12.27170875,11.74897413,8.970242415,12.10141231,10.61907583,11.29753399,11.70354759,9.832826748,10.51689741,11.1788035,13.8459,12.13739511,12.8054741,19.80481457,13.69950507,16.24034749,13.15814093,15.64851485,16.76724419,16.37421248,13.83867045,22.32685759,23.05519006,18.64190694,22.50902775,21.2188581,0,21.21826281,21.94440988,23.40879364,27.91398601,28.24352922,32.27522021,22.32122905,28.14781022,27.72865854,27.76596794,27.70209465,28.31008461,29.51843025,28.19047295,31.51154201,30.09993675,32.70841081,32.51934208,32.44465409,29.84883721,33.16924256,35.10125977,33.12902338,35.0041925,33.65229834,34.11673353,30.46370786,32.10753031,38.1830717,39.7723031,36.63715847,35.98767216,33.35776069,36.09515997,29.97102049,38.25245697,38.32326915,37.49115218,40.75367138,39.93970894,39.02962117,39.7146352,49.68592478,45.50372473,40.54279235,47.25095725,49.19934558,42.72460938,46.44990391,48.37001661,35.30246705,45.89715536,58.68620967,46.40106563,48.00898372,58.63134291,45.36561265,54.01811672,52.65520486,49.37829247,58.18426362,46.90168429,51.44855145,55.6414479,55.93082244,55.71992984,52.82613824,55.9353763,56.04954368,52.00012863,59.06525175,53.51340996,66.20099705,46.54275093,62.55614973,59.6284375,62.6714915,64.66330557,60.9980139,65.70217918,65.27265188,66.09956076,65.95495358,69.00899931,69.50018747,68.26721536,68.60895843,65.22788945,75.73257468,73.50208477,74.2010776,72.08786828,81.22901036,84.45923292,85.38052548,98.68525641
2000,8.935466078,9.75597906,7.710280374,7.825962747,14.42405876,12.19829966,11.64180086,9.21686747,11.97915006,10.66350711,11.27756011,11.69652266,9.854014599,10.55384057,11.18754201,13.705,12.21014343,12.8054741,19.36339523,13.79919868,16.02316602,13.23103309,15.6039604,16.77114927,16.41494779,13.94406161,22.11811621,22.83625731,18.85346743,22.39398838,21.29565372,22.03764861,21.39031466,21.99321268,23.5670926,27.20613882,28.097021,31.69353498,22.67225326,28.07664234,27.71320361,27.92169725,27.93638479,28.31008461,29.5765451,28.45533984,31.47737766,30.20949297,33.29679579,32.53761284,32.47798742,30.11627907,33.16404058,34.9545527,33.13017359,34.90624759,33.71489895,34.12708684,30.50709572,32.22718571,37.83411116,39.26838373,36.53551913,35.96263122,34.02192385,36.09515997,30.75967709,38.24727745,38.50594357,37.6720409,40.48212801,39.93762994,39.15355542,39.72657936,48.84063591,44.88293721,40.78584106,46.78555563,48.74905613,42.67578125,46.2161741,48.05855482,37.70012216,45.89715536,57.12753597,46.47614435,47.90887944,57.57827423,45.55335968,53.35251094,52.37671355,49.40184991,57.43106927,46.53349001,51.44855145,55.27830569,54.87450112,55.47032216,52.91342298,55.69936007,55.72359844,52.10946042,58.61368255,53.66392994,65.40901881,46.54275093,62.13903743,59.48984375,62.36722524,63.97632617,61.22144985,65.46946462,65.18764255,66.04978038,65.71602496,68.78489084,69.36282835,68.24691358,68.63332846,65.47738694,75.39118065,73.68922158,74.19511549,71.60307626,81.02893891,84.43992888,85.38052548,98.66025641
2001,8.567751425,9.665852859,7.57788162,7.999771455,13.97432941,12.12489478,11.51946329,9.390767891,11.85672841,10.69312796,11.25758623,11.68949772,10.09124088,10.56704276,11.37037867,13.564,12.26553135,12.91300098,18.92297683,13.66815932,15.8011583,13.35550849,15.56039604,16.73990862,16.43738673,14.27644913,21.90919838,22.61769006,19.19525654,22.33036421,21.35160289,22.08322325,21.53760321,22.14920674,23.59861824,26.83780956,27.95051278,31.11184976,23.16014898,28.17226277,27.73497018,28.13062146,28.17067494,28.31008461,29.66861471,28.72054673,31.44598338,30.32664525,32.94016325,32.55947263,32.52641509,30.38372093,33.15254145,34.71854569,33.15682739,34.82671879,33.77928814,34.15297011,31.00605622,32.54945756,37.48408995,38.76446435,36.43278689,35.93759029,34.17710423,36.09515997,31.4469054,38.24230688,38.53936425,37.80574125,40.21058465,39.98336798,39.28012657,39.7608289,47.99534703,44.43951756,40.94655886,46.32015401,48.29952177,42.67578125,45.98244429,47.74709302,38.56440258,45.89715536,56.05505407,46.50762897,47.80877517,56.52520555,45.75098814,52.87908927,52.09466161,49.39872189,56.67787492,46.98394046,51.44855145,54.9612659,54.70315803,55.21979138,52.95588582,55.41146462,55.39753982,52.28953631,58.16211334,53.84783799,64.4856107,46.54275093,61.7254902,59.393125,62.01930095,63.60149057,61.32075472,65.24078558,64.9307422,66,65.28930148,68.56078236,69.22546922,68.27928669,68.6601355,65.72688442,75.04978663,73.49092222,74.18893256,71.90090988,80.83601286,84.41960884,85.38052548,98.63461539
2002,8.200036771,9.575726658,7.445482866,8.173580162,13.52460006,12.05148569,11.39712573,9.564523153,11.73430676,10.72274882,11.23761235,11.68247278,10.32846715,10.57832434,11.55321533,13.423,12.32091927,13.02052786,18.48255843,13.53711996,15.57915058,13.47998389,15.51683168,16.70866798,16.46010978,14.60883664,21.70028056,22.39912281,19.53703608,22.26674004,21.40755206,22.12879789,21.68489177,22.30520081,23.63014388,26.46948029,27.80400456,30.53016453,23.87254441,28.26788321,27.7374168,28.33954566,28.40496509,28.31008461,29.76068432,28.98575363,31.4145891,30.44380345,32.5835307,32.58040475,32.57484277,30.65116279,33.14104231,34.48253867,33.18348119,34.74719,33.84367734,34.17885337,32.03492647,32.87172942,37.13406873,38.26054498,36.33005465,35.91254936,34.26378647,36.09515997,32.13413372,38.2373363,38.57278493,37.9394416,39.93904129,40.02910603,39.40669772,39.79507843,47.15005816,43.99609791,41.10930336,45.85475239,47.84998742,42.67578125,45.74871449,47.43563123,39.50088553,45.89715536,54.98257217,46.53911359,47.70867089,55.47213687,45.9486166,52.4056676,51.81260968,49.39137192,55.92468057,47.43439091,51.44855145,54.64422612,54.53181495,54.96926059,52.99834867,55.12357819,55.07148121,52.46961219,57.71054414,54.03229338,63.56220258,46.54275093,61.31194296,59.29640625,61.67137665,63.22621657,61.42005958,65.01210654,64.82901126,65.95021962,64.86257799,68.33667389,69.0881101,68.31165981,68.68694254,65.97638191,74.7083926,73.29262287,74.18274964,72.19878683,80.64308682,84.3992888,85.38052548,98.60897436
2003,7.832322118,9.485600457,7.313084112,8.34738887,13.07487071,11.97808081,11.27478816,9.738423574,11.6118851,10.75236967,11.21763847,11.67544784,10.56890782,10.58703964,11.73605198,13.282,12.3763072,13.12805474,18.04214003,13.4060806,15.35714286,13.60445929,15.47326733,16.67742733,16.48254911,14.94122416,21.49136273,22.18055556,19.87881463,22.20311587,21.46350124,22.17437252,21.83218032,22.46119488,23.66166952,26.10115103,27.65749634,29.94847931,24.36278196,28.36350365,27.74951076,28.53283735,28.63925524,28.31008461,29.857628,29.24797715,31.38319483,30.56096759,32.22689816,32.60227631,32.62327044,30.91860465,33.12954318,34.24653165,33.21013499,34.66766121,33.90806654,34.20473664,32.55125494,33.19400128,36.78404752,37.75662561,36.2273224,35.88750843,34.37437151,36.09515997,32.82136204,38.23236572,38.60620561,38.07314196,39.66749792,40.06651424,39.53326888,39.82932796,46.30476929,43.55267826,41.27002909,45.38935077,47.40045306,42.67578125,45.51498468,47.12416944,40.4328055,45.89715536,53.91009027,46.57059821,47.60856662,54.41906818,46.14624506,51.93224592,51.53055775,49.38540918,55.17148621,47.88484136,51.44855145,54.32722661,54.36047186,54.71872981,53.04081151,54.83568274,54.7454226,52.64968808,57.25897494,54.21620142,62.63879447,46.54275093,60.89839572,59.1996875,61.32345235,62.85138097,61.51936445,64.7834275,64.75413223,65.90043924,64.43585451,68.11256541,68.95075098,68.34403292,68.71374957,66.2258794,74.36699858,73.09432352,74.17656671,72.49662045,80.45016077,84.37896876,85.38052548,98.58333333
2004,7.464607465,9.395474256,7.180685358,8.521197577,12.62514136,11.90467172,11.15245059,9.912323995,11.48946345,10.78199052,11.19766459,11.6684229,10.80291971,10.59754209,11.91888864,13.141,12.43169512,13.23558162,17.60172164,13.27504124,15.13513514,13.72893468,15.42970297,16.64618669,16.50498844,15.27361167,21.2824449,21.9619883,20.22059258,22.13949169,21.51945041,22.21994716,21.97946887,22.61718895,23.69319516,25.73282177,27.51098812,29.36679408,24.85292736,28.45912409,27.76521739,28.75739407,28.87354538,28.31008461,29.94091339,29.513157,31.35180055,30.67813765,31.87026562,32.62321874,32.67169811,31.18604651,33.11804405,34.01052464,33.2367888,34.58813241,33.9421015,34.23505048,33.06178742,33.51627313,36.43402631,37.25270623,36.12459016,35.8624675,34.49869786,36.09515997,33.50859035,38.22739514,38.6396263,38.20684231,39.39595456,40.12058212,39.65984003,39.86357749,45.45948042,43.1092586,41.43484049,44.92394914,46.9509187,42.67578125,45.28125487,46.81270764,41.30357661,45.89715536,52.83760837,46.60208283,47.50846234,53.3659995,46.34387352,51.46827462,51.24850581,49.37881344,54.41829186,48.33529181,51.44855145,54.01018683,54.18912877,54.46819902,53.08327436,54.54779631,54.41936398,52.82976397,56.80740574,54.40065681,61.71538636,46.54275093,60.48484849,59.10296875,60.97552805,62.47610697,61.61866932,64.55474845,64.67258831,65.85065886,64.00913103,67.88845693,68.81339185,68.37640604,68.74055661,69.41049925,74.02560455,72.89602416,74.17038378,72.7944974,80.25723473,84.35864872,85.38052548,98.55769231
2005,7.096892811,9.305348055,7.048286604,8.695006285,12.17541201,11.83126684,11.03011302,10.08622442,11.3670418,10.81161137,11.17769071,11.66139796,11.0367893,10.61214614,12.1017253,13,12.48708304,13.3431085,17.16130324,13.14400189,14.91312741,13.85341008,15.38613861,16.61494605,16.52628672,15.60599919,21.07352708,21.74342105,20.56237163,22.07586752,21.57539958,22.2655218,22.12922665,22.77318301,23.7247208,25.3644925,27.3644799,28.78510886,25.33821872,28.55474453,27.78937299,28.96684729,29.10783553,28.31008461,30.03297098,29.77833685,31.32040628,30.79609292,31.51363307,32.64135795,32.72012579,31.45348837,33.10654492,33.77451762,33.2634426,34.50860362,34.00643317,34.2609371,33.60640648,33.83854499,36.08400509,36.74878686,36.03367224,35.83742656,34.62720151,36.09515997,34.19581867,38.22242456,38.67304698,38.34054267,39.12441119,40.16632017,39.78641118,39.89782703,44.61419155,42.66583895,41.59148055,44.45854752,46.50138434,42.67578125,45.04752506,46.50124585,42.17434773,45.89715536,51.76512646,46.63356745,47.40835807,52.31293082,46.54150198,50.999449,50.96645388,49.37248915,53.66509751,48.78574226,51.44855145,53.69318731,54.01778568,54.21766824,53.1257372,54.25990086,54.09330537,53.00983986,56.35583653,54.58456486,60.79197825,46.54275093,60.07130125,59.00625,60.62760375,62.10127137,61.71797418,64.32606941,64.58440888,65.80087848,63.58240755,67.66434846,68.67603273,68.40877915,68.76736365,69.67101293,73.68421053,72.69772481,74.16420086,73.09233102,80.06430868,84.33832868,85.38052548,98.53205128
2006,6.732855304,9.215221854,7.609034268,8.934407496,11.72568266,11.75785774,10.91391425,10.17564233,11.24462014,10.85900474,11.15771683,11.65437302,11.17664944,10.93239106,12.22316827,12.8592,12.51849709,13.35092864,16.48466043,13.28258308,14.7007722,13.99399712,15.34257426,16.499616,16.51753659,16.10052696,20.86460925,21.52412281,20.72356189,21.97785191,21.62623801,22.31175694,22.26983596,22.91316734,23.56776336,25.3644925,27.21797168,28.20342363,25.78220427,28.51021898,27.89720845,29.17248798,29.34212568,28.85204665,30.11817707,29.96124295,31.28162512,30.88797227,31.57196265,32.65944024,32.71886793,31.70930233,33.1120207,33.72667836,33.34995285,34.44841688,34.06719085,34.29126214,33.76783577,33.9948947,35.73398388,36.34565136,35.90904122,35.81238563,35.0216642,36.09515997,34.87890706,38.21639829,38.64874103,38.52143138,38.85286783,40.1954262,39.9112244,40.04144481,43.76890268,42.2224193,41.6737309,43.9931459,45.73370249,42.67578125,44.83976523,46.18978405,42.85225917,45.89715536,50.69264456,46.6553645,47.30825379,51.26152313,46.71936759,50.51708571,50.6849106,49.46098302,52.91190316,49.23227575,51.44855145,53.37614753,53.63966063,53.75150005,53.04081151,53.97760252,54.04614251,53.19313139,55.90426733,54.53694581,60.070247,49.53159851,59.65062389,58.89421875,60.42956926,61.88075406,61.75769613,64.10277105,64.49628406,65.76573939,64.33358697,67.44023998,68.53867361,68.42578875,68.69669055,69.93152662,73.32859175,72.86179343,74.15845957,73.91195841,79.86423723,84.31191262,85.38052548,98.50641026
2007,6.368817797,9.125095653,8.169781931,9.173808708,11.27595331,11.68445286,10.79771549,10.26491508,11.12219849,10.9063981,11.13774295,11.64734809,11.31650958,11.25077152,12.34461125,12.7184,12.54991113,13.35874878,15.80801762,13.42116427,14.48841699,14.13458415,15.2990099,16.38428596,16.50907082,16.59505472,20.65569142,21.30482456,20.88475261,21.8798363,21.67707644,22.35799207,22.41044526,23.05315167,23.41080592,25.3644925,27.07146345,27.62173841,26.22134536,28.46569343,28.01600766,29.37812867,29.57641583,29.39400869,30.20240272,30.14414905,31.24284395,30.97985626,31.63029224,32.67846388,32.71761006,31.96511628,33.11749648,33.6788391,33.4364631,34.38823015,34.12794854,34.3171521,33.93241875,34.15124442,35.38396266,35.94251586,35.78441019,35.7873447,35.3992707,36.09515997,35.56199545,38.21037201,38.62443508,39.00911613,38.58132447,40.22453223,40.03603762,40.1850626,42.9236138,41.77899965,41.77033021,43.52774428,44.96602064,42.67578125,44.6320054,45.87832226,43.53017061,45.89715536,49.62016266,46.67829204,47.20814952,50.21011544,46.8972332,50.03947852,50.40336733,49.53847356,52.15870881,49.67880924,51.44855145,53.05910775,53.26153557,53.28533186,52.95588582,53.69530419,53.99897965,53.37642292,55.45269813,54.48877942,59.34851575,52.5204461,59.22994652,58.7821875,60.23153477,61.66023674,61.79741807,63.87947269,64.4015683,65.73060029,65.0847664,67.21613151,68.40131448,68.44279835,68.62601745,70.19177795,72.97297297,72.91591305,74.15271828,74.73158579,79.66416577,84.28549657,85.38052548,98.48076923
2008,6.00478029,9.034969452,8.730529595,9.413209919,10.82622396,11.61104377,10.68151672,10.35447815,10.99977684,10.95379147,11.11776907,11.64032315,11.45636972,11.56837353,12.46605422,12.5776,12.58132518,13.36656892,15.13137481,13.55974546,14.27606178,14.27517119,15.25544555,16.26895591,16.50003452,17.08958249,20.4467736,21.08552632,21.045942,21.78182068,21.72791487,22.40422721,22.55105457,23.19313599,23.25384848,25.3644925,26.92495523,27.04005318,26.66290868,28.42116788,28.12266203,29.58376936,29.81070597,29.93597073,30.28860594,30.32705514,31.20406279,31.0709586,31.68862182,32.69655509,32.7163522,32.22093023,33.12297225,33.63099984,33.57611217,34.32804342,34.18870622,34.34304207,34.09078354,34.31033107,35.03394145,35.53938037,35.65977916,35.76230377,35.80825982,36.09515997,36.24508383,38.20434574,38.60012913,39.19143876,38.3097811,40.25363825,40.16085084,40.32868039,42.07832493,41.33557999,41.86692952,43.06234266,44.19833879,42.67578125,44.42424557,45.56686047,44.20808205,45.89715536,48.54768076,46.70008961,47.10804524,49.15870775,47.07509881,49.58166873,50.12182406,49.61859989,51.40551446,50.12534273,51.44855145,52.74210823,52.88341052,52.81916367,52.87096013,53.41301487,53.95181679,53.55971445,55.00112892,54.44116037,58.6267845,55.50929368,58.80926916,58.67015625,60.03350028,61.44015783,61.83714002,63.65617433,64.26053798,65.6954612,65.83594582,66.99202303,68.26395536,68.45980796,68.55534435,70.45229163,72.6173542,73.01085884,74.14697699,75.55121317,79.46409432,84.25908052,85.38052548,98.45512821
2009,5.640742784,8.944843251,9.291277259,9.65261113,10.37649461,11.53763889,10.56531796,10.44389607,10.87735518,11.01096946,11.09779519,11.63329821,11.59622986,11.8864225,12.5874972,12.4368,12.61273922,13.37438905,14.454732,13.69832666,14.06370656,14.41575822,15.21188119,16.15362587,16.49071325,17.58411026,20.23785577,20.86622807,21.20713094,21.68380507,21.7787533,22.45046235,22.46106263,23.33312032,23.09689104,25.3644925,26.77844701,26.45836796,27.104472,28.37664234,28.2109015,29.78941005,30.04499612,30.47793277,30.37482043,30.50996124,31.16528163,31.16206094,31.7469514,32.71277359,32.71509434,32.47674419,33.12844803,33.58316058,33.66275955,34.26785668,34.2494639,34.36893204,34.26492262,34.46669326,34.68392024,35.13624487,35.48859046,35.73726283,36.20539045,36.09515997,36.92817222,38.19831946,38.57582317,39.38937351,38.03823774,40.29112082,40.28566406,40.47229817,41.23303606,40.89216034,41.98008086,42.59694104,43.43065693,42.67578125,44.21648574,45.25539867,44.88599349,45.89715536,47.47519886,46.72188719,47.00794096,48.10730006,47.25296443,49.10852595,49.84028078,49.69609455,50.65232011,50.57187622,51.44855145,52.42506845,52.50528547,52.35299548,52.78603444,53.13071654,53.90465393,53.756835,54.54955972,54.39354133,57.90505325,58.49814126,58.3885918,58.558125,59.83546579,61.21964051,61.87686197,63.43287598,64.14624099,65.66032211,66.58712525,66.76791455,68.12659624,68.47681756,68.48467125,70.71280531,72.26173542,73.06021718,74.1412357,76.37084056,79.26402287,84.23266447,85.38052548,98.42948718
2010,5.276705277,8.85471705,9.852024922,9.892012341,9.926765265,11.4642298,10.44911919,10.53316882,10.75493353,11.05840498,11.07782131,11.62627327,11.75038052,12.19875145,12.70894018,12.296,12.64415327,13.38220919,13.72930381,13.83690785,13.85135135,14.55634526,15.16831683,16.03829582,16.48139198,18.07863802,20.02893794,20.64692983,21.36832033,21.58578946,21.82959173,22.49669749,22.60024301,23.47310465,22.9399336,25.3644925,26.63193879,25.87668273,27.54603533,28.33211679,28.31993045,29.99505074,30.27928627,31.01989481,30.45905707,30.69286734,31.12650046,31.25316328,31.80528098,32.73087185,32.71383648,32.73255814,33.13392381,33.53532132,33.74940694,34.20766995,34.31022159,34.39927499,34.42336035,34.62305545,34.33389902,34.73310937,35.36412272,35.7122219,36.49367013,36.09515997,37.61126061,38.19229319,38.55151722,39.57176844,37.76669438,40.31939448,40.41047728,40.61591596,40.38774719,40.44874069,42.06012814,42.13153942,42.66297508,42.67578125,44.00872591,44.94393688,45.56390493,45.89715536,46.40271695,46.74764748,46.90783669,47.05589237,47.43083004,48.63760218,49.55873751,49.77358922,49.89912576,51.01840971,51.44855145,52.10806893,52.12716042,51.88682729,52.70110875,52.84841821,53.85749107,53.88817481,54.09799052,54.34592228,57.183322,61.48698885,57.96791444,58.44609375,59.6374313,60.99912319,61.91658391,63.20957762,63.99259488,65.62518302,67.33830467,66.54380608,67.98923711,68.48443286,68.41399815,70.97331899,71.90611664,73.10957552,74.13549441,77.19046794,79.06395141,84.20624841,85.38052548,98.40384615
2011,4.91266777,8.764590849,10.03115265,10.02194035,9.477035915,8.378619529,10.34066701,10.6156191,10.63251188,11.07947806,11.05784743,11.63329821,11.89041096,12.51566697,12.69101501,12.3366,12.71442153,13.39002933,13.05505685,13.95522036,13.63899614,14.6893962,15.12475248,16.07838798,16.5190223,18.35427645,19.84860516,20.42836257,21.53259018,21.54882734,22.23414729,22.51122853,22.6510549,23.53310754,23.74484355,25.3644925,26.48543057,25.87668273,27.93857556,28.29708029,28.6058131,30.20142195,30.51357642,31.03590213,30.53325932,30.87577344,31.09141274,31.34932686,31.86400204,32.73754877,32.71257862,33,33.13939958,33.43007495,33.77947006,34.1605494,34.31736955,34.42516831,34.58179808,34.65551904,34.14297836,34.39343038,35.23965498,35.68718097,36.57143715,36.09515997,38.29848893,38.18716865,38.55227678,39.57176844,38.64782488,40.32606887,40.5352905,40.61591596,39.58019904,40.00532104,42.15612833,41.6661378,41.84394664,42.67578125,43.80096608,44.63247508,45.97994001,45.89715536,45.33023505,46.77511174,46.80773241,46.00116269,47.58893281,47.79898667,49.29626898,49.77108446,49.14593141,51.60987074,51.44855145,51.79102915,51.74936657,51.62004985,52.69167256,52.82433529,53.67110708,53.92926045,53.67803116,54.61193213,56.46159076,61.48698885,57.5543672,58.31515625,59.51970175,60.77904428,61.9265144,62.9889696,63.9144297,65.58008785,67.38152488,66.3196976,67.85187799,68.47910466,68.41399815,71.23383267,71.55049787,73.11198131,74.12931149,78.01009532,78.86387996,84.15544831,86.15671207,98.37948718
2012,4.548630263,8.674464648,10.21028037,10.15186836,9.027306565,8.305210438,10.23221483,10.69806939,10.51009022,11.09727165,11.03787355,11.64032315,12.02678028,12.83287764,12.67308985,12.3772,12.78468979,13.39784946,12.38080989,14.1401847,13.42664093,14.82244715,15.08118812,16.11848014,16.55665263,18.62991488,19.66827237,20.20979532,21.69686003,21.52132624,22.63870284,22.52575958,22.70186678,23.59311043,24.5497535,25.3644925,26.33892235,25.87668273,28.5507614,28.2620438,28.92531084,30.40779316,30.74786656,31.05190944,30.60348769,31.05867954,31.05632502,31.44549043,31.92272309,32.74516555,32.71132076,33.26744186,33.14487536,33.32482858,33.80953318,34.11342884,34.32451751,34.45552247,34.74023581,34.68743019,33.9520577,34.0537514,35.11518725,35.66214004,36.61556146,36.09515997,38.98571724,38.18204412,38.55303635,39.57176844,39.52895539,40.33022792,40.66010372,40.61591596,38.7726509,39.56190138,42.25420137,41.20073618,41.0249182,42.67578125,43.59320625,44.32101329,46.3959751,45.89715536,44.25775315,46.80088185,46.70762814,44.94643302,47.74703557,46.9726709,49.03380045,49.76857971,48.39273705,52.20133177,51.44855145,51.47398937,51.37157272,51.35327241,52.68223638,52.80026138,53.48472309,53.95303956,53.2580718,54.87794198,55.73985951,61.48698885,57.14081996,58.18421875,59.40197221,60.55896537,61.93644489,62.76836158,63.75757576,65.53499268,67.42474509,66.09558913,67.71451887,68.47377661,68.91785732,71.49434636,71.19487909,73.11198131,74.12312856,78.8297227,78.6638085,84.10464821,86.93289867,98.35512821
2013,4.184592756,8.584338447,10.3894081,10.28179637,8.577577215,8.231805556,10.12376265,10.78037451,10.38766857,11.1249629,11.01789967,11.64734809,12.1593674,13.14992923,12.65516469,12.4178,12.85495805,13.4056696,11.70656294,14.25028398,13.21428571,14.9554981,15.03762376,16.1585723,16.59428295,18.9055533,19.48793958,19.99122807,21.86112988,21.49364043,23.04325839,22.54029062,22.75267867,23.65311332,25.35466345,25.3644925,26.19241413,25.87668273,29.67568605,28.2270073,29.22488371,30.61416437,30.98215671,31.06791676,30.67372065,31.24158564,31.0212373,31.54165401,31.98144415,32.71898647,32.71006289,33.53488372,33.15035113,33.2195822,33.8395963,34.06630829,34.33166548,34.48141914,34.89867355,34.7187874,33.76113704,33.71407242,34.98689956,35.6370991,36.68379281,36.09515997,39.67294556,38.17691958,38.55379591,39.57176844,40.4100859,40.33438696,40.78491694,40.61591596,37.96510275,39.11848173,42.35227441,40.73533456,40.20588976,42.67578125,43.38544642,44.0095515,46.81201019,45.89715536,43.18527125,46.83573445,46.60752386,43.89170335,47.90513834,46.1410547,48.77133193,49.76607496,47.6395427,52.79279279,51.44855145,51.15698985,50.99377888,51.08649497,52.67280019,52.77617846,53.2983391,53.95079595,52.83811244,55.14395183,55.01812826,61.48698885,56.72727273,58.05328125,59.28424267,60.33932486,61.94637537,62.54775357,63.60371822,65.48989751,67.4679653,65.87148065,67.57715975,68.46938776,68.91785732,71.75486004,70.83926031,73.11198131,74.11694563,79.64935009,78.46373705,84.05384811,87.70908526,98.33076923
2014,3.820555249,8.494212246,10.56853583,10.41172437,8.127847865,8.158396465,10.01531047,10.86282479,10.26524692,11.14277234,10.99792579,11.65437302,12.30301187,13.4664844,12.63723953,12.4584,12.92522631,13.41348974,11.03231598,14.36704368,13.0019305,15.08854904,14.99405941,16.19866446,16.6327746,19.18119173,19.3076068,19.77266082,22.02539973,21.46613957,23.44781395,22.55482166,22.80349056,23.71311622,26.1595734,25.3644925,26.04590591,25.87668273,30.24802923,28.1919708,29.51929764,30.82053558,31.21644686,31.08392408,30.74496228,31.42449174,30.98614958,31.63781759,32.0401652,32.72284322,32.70880503,33.80232558,33.15582691,33.11433583,33.86965942,34.01918774,34.33881344,34.51625437,35.05711128,34.76456504,33.57021638,33.37439343,34.86054255,35.61205817,36.75204414,36.09515997,40.36017388,38.17179505,38.55455547,39.57176844,41.2912164,40.34022377,40.90973016,40.61591596,37.15755461,38.67506208,42.45034745,40.26993294,39.38686131,42.67578125,43.17768659,43.6980897,47.22804528,45.89715536,42.11278935,46.86208693,46.50741959,42.83697367,48.06324111,45.30440375,48.5088634,49.76357021,46.88634835,53.38425382,51.44855145,50.83995007,50.61598503,50.81971753,52.663364,52.75210455,53.11195511,53.96590544,52.41815308,55.40996169,54.29639701,61.48698885,56.31372549,57.92234375,59.16651312,60.11924595,61.95630586,62.32714555,63.51661879,65.44480234,67.51118551,65.64737217,67.43980062,68.4649989,68.92293339,72.01537372,70.48364154,73.11198131,74.11076271,80.46897747,78.2636656,84.00304801,88.48527186,98.30641026
2015,3.456517742,8.404086045,10.74766355,10.54165238,7.678118515,8.084991582,9.906858285,10.94527508,10.14282526,11.16058178,10.97795191,11.66139796,12.4429571,13.78367589,12.61931436,12.499,12.99549457,13.42130987,10.35806902,14.48582651,12.78957529,15.22159999,14.95049505,16.23875662,16.67040688,19.45683016,19.12727401,19.55409357,22.18966958,21.43863871,23.8523695,22.56935271,22.85430244,23.77311911,26.96448335,25.3644925,25.89939769,25.87668273,30.76331475,28.15693431,29.82006259,31.02690679,31.45073701,31.0999314,30.81420033,31.60739784,30.95106187,31.73398117,32.09888626,32.72857552,32.70754717,34.06976744,33.16130269,33.00908946,33.89972255,33.97206718,34.3459614,34.54215775,35.21554901,34.79648843,33.37929572,33.03471445,34.73609519,35.58701724,36.82027548,36.09515997,41.04740219,38.16667052,38.55531503,39.57176844,42.17234691,40.34438298,41.03454338,40.61591596,36.35000646,38.23164243,42.54842048,39.80453132,38.56783287,42.67578125,42.96992677,43.38662791,47.64408037,45.89715536,41.04030745,46.88389903,46.40731531,41.782244,48.22134387,44.4677528,48.24639487,49.76106545,46.133154,53.97571485,51.44855145,50.52295056,50.23819118,50.55294009,52.65392781,52.72802163,52.92557111,53.97233837,51.99819372,55.67597154,53.57466576,61.48698885,55.90017825,57.79140625,59.04878358,59.89916703,61.96623635,62.10653753,63.43865408,65.39970717,67.55440572,65.4232637,67.3024415,68.46061005,68.92293339,72.27562505,70.12802276,73.11198131,74.10457978,81.28860485,78.06359414,83.9522479,89.26145846,98.28205128
